relative_path,filename,width,height,format,animated_gif,error
front_pulsatile_tinnitus.webp,front_pulsatile_tinnitus.webp,1003,756,WEBP,no,
feature_newaneurysm.webp,feature_newaneurysm.webp,626,418,WEBP,no,
surgery-360.webp,surgery-360.webp,360,240,WEBP,no,
front_spinal_avm-720.webp,front_spinal_avm-720.webp,720,720,WEBP,no,
profile_shot-1200.webp,profile_shot-1200.webp,540,713,WEBP,no,
an_coiling-1200.webp,an_coiling-1200.webp,1200,492,WEBP,no,
spinal_avm.webp,spinal_avm.webp,1024,1024,WEBP,no,
front_biplane-360.webp,front_biplane-360.webp,360,270,WEBP,no,
prevent.webp,prevent.webp,1000,500,WEBP,no,
harleyst-720.webp,harleyst-720.webp,720,213,WEBP,no,
feature.webp,feature.webp,1200,800,WEBP,no,
feature-1200.webp,feature-1200.webp,1200,800,WEBP,no,
front_mri-360.webp,front_mri-360.webp,360,270,WEBP,no,
front_davf.webp,front_davf.webp,1024,1024,WEBP,no,
front_avm-360.webp,front_avm-360.webp,360,360,WEBP,no,
kcl.webp,kcl.webp,471,243,WEBP,no,
feature_aneurysm_rx-1200.webp,feature_aneurysm_rx-1200.webp,474,474,WEBP,no,
surgery.webp,surgery.webp,1200,801,WEBP,no,
apple-touch-icon-1200.webp,apple-touch-icon-1200.webp,57,57,WEBP,no,
logo.webp,logo.webp,187,42,WEBP,no,
smile-720.webp,smile-720.webp,720,831,WEBP,no,
cpd.webp,cpd.webp,471,243,WEBP,no,
DAVF-360.webp,DAVF-360.webp,360,360,WEBP,no,
footer.webp,footer.webp,1200,800,WEBP,no,
flow_diversion.webp,flow_diversion.webp,1200,980,WEBP,no,
apple-touch-icon-360.webp,apple-touch-icon-360.webp,57,57,WEBP,no,
aneurysm-720.webp,aneurysm-720.webp,720,720,WEBP,no,
front_aneurysm-360.webp,front_aneurysm-360.webp,360,360,WEBP,no,
ct-scanner.webp,ct-scanner.webp,1200,800,WEBP,no,
front_mma.webp,front_mma.webp,1024,1536,WEBP,no,
feature_newaneurysm-720.webp,feature_newaneurysm-720.webp,626,418,WEBP,no,
feature_an_symptoms-360.webp,feature_an_symptoms-360.webp,360,239,WEBP,no,
feature_aneurysm_rx-720.webp,feature_aneurysm_rx-720.webp,474,474,WEBP,no,
esmint-720.webp,esmint-720.webp,471,243,WEBP,no,
front_mri-1200.webp,front_mri-1200.webp,960,720,WEBP,no,
dsa-360.webp,dsa-360.webp,360,360,WEBP,no,
stent_coiling.webp,stent_coiling.webp,1200,1260,WEBP,no,
stent_coiling-720.webp,stent_coiling-720.webp,720,756,WEBP,no,
template-easy-customize-720.webp,template-easy-customize-720.webp,650,356,WEBP,no,
front_mma-720.webp,front_mma-720.webp,720,1080,WEBP,no,
flow_diversion-1200.webp,flow_diversion-1200.webp,1200,980,WEBP,no,
template-easy-customize-360.webp,template-easy-customize-360.webp,360,197,WEBP,no,
avm-720.webp,avm-720.webp,720,720,WEBP,no,
logo-small-1200.webp,logo-small-1200.webp,110,47,WEBP,no,
an_angio.webp,an_angio.webp,387,502,WEBP,no,
front_avm-720.webp,front_avm-720.webp,720,720,WEBP,no,
feature_newaneurysm-360.webp,feature_newaneurysm-360.webp,360,240,WEBP,no,
aneurysm-360.webp,aneurysm-360.webp,360,360,WEBP,no,
cpd-720.webp,cpd-720.webp,471,243,WEBP,no,
sara-1200.webp,sara-1200.webp,608,649,WEBP,no,
bristol.webp,bristol.webp,471,243,WEBP,no,
template-easy-customize.webp,template-easy-customize.webp,650,356,WEBP,no,
DAVF-1200.webp,DAVF-1200.webp,1024,1024,WEBP,no,
avm-360.webp,avm-360.webp,360,360,WEBP,no,
mdu-1200.webp,mdu-1200.webp,471,243,WEBP,no,
apple-touch-icon.webp,apple-touch-icon.webp,57,57,WEBP,no,
spinal_avm-720.webp,spinal_avm-720.webp,720,720,WEBP,no,
feature_clipcoil.webp,feature_clipcoil.webp,800,562,WEBP,no,
front_biplane-1200.webp,front_biplane-1200.webp,960,720,WEBP,no,
feature-720.webp,feature-720.webp,720,480,WEBP,no,
esmint-1200.webp,esmint-1200.webp,471,243,WEBP,no,
feature_stayhospital-360.webp,feature_stayhospital-360.webp,360,200,WEBP,no,
prevent-360.webp,prevent-360.webp,360,180,WEBP,no,
aneurysm.webp,aneurysm.webp,1024,1024,WEBP,no,
feature_health.webp,feature_health.webp,800,534,WEBP,no,
rcr-1200.webp,rcr-1200.webp,471,243,WEBP,no,
logo-720.webp,logo-720.webp,187,42,WEBP,no,
an_coiling-360.webp,an_coiling-360.webp,360,148,WEBP,no,
logo-1200.webp,logo-1200.webp,187,42,WEBP,no,
Intrasaccular-360.webp,Intrasaccular-360.webp,360,237,WEBP,no,
an_angio-720.webp,an_angio-720.webp,387,502,WEBP,no,
profile_shot-360.webp,profile_shot-360.webp,360,475,WEBP,no,
smile-360.webp,smile-360.webp,360,415,WEBP,no,
kcl-360.webp,kcl-360.webp,360,186,WEBP,no,
alt_logo.webp,alt_logo.webp,1024,1024,WEBP,no,
front_sih-360.webp,front_sih-360.webp,360,360,WEBP,no,
harleyst-1200.webp,harleyst-1200.webp,999,296,WEBP,no,
rcs-720.webp,rcs-720.webp,471,243,WEBP,no,
profile_shot (copy)-720.webp,profile_shot (copy)-720.webp,720,951,WEBP,no,
rcs.webp,rcs.webp,471,243,WEBP,no,
harleyst-360.webp,harleyst-360.webp,360,107,WEBP,no,
profile_shot (copy)-360.webp,profile_shot (copy)-360.webp,360,475,WEBP,no,
feature_aneurysm_rx-360.webp,feature_aneurysm_rx-360.webp,360,360,WEBP,no,
ukng-720.webp,ukng-720.webp,471,243,WEBP,no,
front_ct-720.webp,front_ct-720.webp,720,405,WEBP,no,
feature_stayhospital.webp,feature_stayhospital.webp,1200,667,WEBP,no,
ukng.webp,ukng.webp,471,243,WEBP,no,
front_aneurysm-1200.webp,front_aneurysm-1200.webp,1024,1024,WEBP,no,
logo-small-360.webp,logo-small-360.webp,110,47,WEBP,no,
front_pulsatile_tinnitus-1200.webp,front_pulsatile_tinnitus-1200.webp,1003,756,WEBP,no,
queens.webp,queens.webp,1200,366,WEBP,no,
bristol-1200.webp,bristol-1200.webp,471,243,WEBP,no,
front_ct.webp,front_ct.webp,1200,675,WEBP,no,
wellington-1200.webp,wellington-1200.webp,1002,281,WEBP,no,
front_iih-1200.webp,front_iih-1200.webp,696,621,WEBP,no,
front_iih.webp,front_iih.webp,696,621,WEBP,no,
feature_screening.webp,feature_screening.webp,1200,675,WEBP,no,
esmint.webp,esmint.webp,471,243,WEBP,no,
prevent-1200.webp,prevent-1200.webp,1000,500,WEBP,no,
mdu-360.webp,mdu-360.webp,360,186,WEBP,no,
front_davf-720.webp,front_davf-720.webp,720,720,WEBP,no,
an_coiling.webp,an_coiling.webp,1200,492,WEBP,no,
tufail-360.webp,tufail-360.webp,360,338,WEBP,no,
front_sih-1200.webp,front_sih-1200.webp,1024,1024,WEBP,no,
wellington-720.webp,wellington-720.webp,720,202,WEBP,no,
front_carotid_stenosis-360.webp,front_carotid_stenosis-360.webp,360,540,WEBP,no,
front_spinal_avm-360.webp,front_spinal_avm-360.webp,360,360,WEBP,no,
front_iih-720.webp,front_iih-720.webp,696,621,WEBP,no,
mri scanner-720.webp,mri scanner-720.webp,720,446,WEBP,no,
feature_screening-720.webp,feature_screening-720.webp,720,405,WEBP,no,
feature_newaneurysm-1200.webp,feature_newaneurysm-1200.webp,626,418,WEBP,no,
Intrasaccular.webp,Intrasaccular.webp,1200,789,WEBP,no,
rcs-1200.webp,rcs-1200.webp,471,243,WEBP,no,
feature_screening-1200.webp,feature_screening-1200.webp,1200,675,WEBP,no,
dsa-720.webp,dsa-720.webp,720,720,WEBP,no,
logo-small.webp,logo-small.webp,110,47,WEBP,no,
ukng-360.webp,ukng-360.webp,360,186,WEBP,no,
rcr.webp,rcr.webp,471,243,WEBP,no,
feature_health-720.webp,feature_health-720.webp,720,481,WEBP,no,
profile_shot.webp,profile_shot.webp,540,713,WEBP,no,
rcr-720.webp,rcr-720.webp,471,243,WEBP,no,
logo-small-720.webp,logo-small-720.webp,110,47,WEBP,no,
ct-scanner-720.webp,ct-scanner-720.webp,720,480,WEBP,no,
feature-360.webp,feature-360.webp,360,240,WEBP,no,
front_spinal_avm-1200.webp,front_spinal_avm-1200.webp,1024,1024,WEBP,no,
bristol-360.webp,bristol-360.webp,360,186,WEBP,no,
front_iih-360.webp,front_iih-360.webp,360,321,WEBP,no,
ct-scanner-360.webp,ct-scanner-360.webp,360,240,WEBP,no,
smile-1200.webp,smile-1200.webp,780,900,WEBP,no,
cpd-1200.webp,cpd-1200.webp,471,243,WEBP,no,
ct-scanner-1200.webp,ct-scanner-1200.webp,1200,800,WEBP,no,
spinal_avm-1200.webp,spinal_avm-1200.webp,1024,1024,WEBP,no,
Intrasaccular-720.webp,Intrasaccular-720.webp,720,473,WEBP,no,
feature_an_symptoms.webp,feature_an_symptoms.webp,1200,796,WEBP,no,
feature_aneurysm_rx.webp,feature_aneurysm_rx.webp,474,474,WEBP,no,
apple-touch-icon-720.webp,apple-touch-icon-720.webp,57,57,WEBP,no,
alt_logo-360.webp,alt_logo-360.webp,360,360,WEBP,no,
knowlege-1200.webp,knowlege-1200.webp,1024,1024,WEBP,no,
mri scanner-1200.webp,mri scanner-1200.webp,1200,744,WEBP,no,
front_ct-1200.webp,front_ct-1200.webp,1200,675,WEBP,no,
front_biplane-720.webp,front_biplane-720.webp,720,540,WEBP,no,
feature_clipcoil-720.webp,feature_clipcoil-720.webp,720,506,WEBP,no,
cpd-360.webp,cpd-360.webp,360,186,WEBP,no,
an_coiling-720.webp,an_coiling-720.webp,720,295,WEBP,no,
front_davf-1200.webp,front_davf-1200.webp,1024,1024,WEBP,no,
front_mri.webp,front_mri.webp,960,720,WEBP,no,
knowlege-360.webp,knowlege-360.webp,360,360,WEBP,no,
sara-720.webp,sara-720.webp,608,649,WEBP,no,
front_mma-360.webp,front_mma-360.webp,360,540,WEBP,no,
harleyst.webp,harleyst.webp,999,296,WEBP,no,
front_mma-1200.webp,front_mma-1200.webp,1024,1536,WEBP,no,
mdu-720.webp,mdu-720.webp,471,243,WEBP,no,
footer-720.webp,footer-720.webp,720,480,WEBP,no,
front_pulsatile_tinnitus-360.webp,front_pulsatile_tinnitus-360.webp,360,271,WEBP,no,
feature_clipcoil-360.webp,feature_clipcoil-360.webp,360,253,WEBP,no,
dsa-1200.webp,dsa-1200.webp,1024,1024,WEBP,no,
surgery-720.webp,surgery-720.webp,720,481,WEBP,no,
dsa.webp,dsa.webp,1024,1024,WEBP,no,
an_angio-360.webp,an_angio-360.webp,360,467,WEBP,no,
alt_logo-720.webp,alt_logo-720.webp,720,720,WEBP,no,
profile_shot (copy).webp,profile_shot (copy).webp,1200,1584,WEBP,no,
kcl-720.webp,kcl-720.webp,471,243,WEBP,no,
feature_an_symptoms-720.webp,feature_an_symptoms-720.webp,720,478,WEBP,no,
mri scanner-360.webp,mri scanner-360.webp,360,223,WEBP,no,
esmint-360.webp,esmint-360.webp,360,186,WEBP,no,
alt_logo-1200.webp,alt_logo-1200.webp,1024,1024,WEBP,no,
aneurysm-1200.webp,aneurysm-1200.webp,1024,1024,WEBP,no,
footer-1200.webp,footer-1200.webp,1200,800,WEBP,no,
front_biplane.webp,front_biplane.webp,960,720,WEBP,no,
an_angio-1200.webp,an_angio-1200.webp,387,502,WEBP,no,
sharing-default-360.webp,sharing-default-360.webp,360,189,WEBP,no,
front_davf-360.webp,front_davf-360.webp,360,360,WEBP,no,
flow_diversion-360.webp,flow_diversion-360.webp,360,294,WEBP,no,
bristol-720.webp,bristol-720.webp,471,243,WEBP,no,
queens-360.webp,queens-360.webp,360,110,WEBP,no,
stent_coiling-360.webp,stent_coiling-360.webp,360,378,WEBP,no,
front_aneurysm-720.webp,front_aneurysm-720.webp,720,720,WEBP,no,
front_carotid_stenosis-720.webp,front_carotid_stenosis-720.webp,720,1080,WEBP,no,
rcs-360.webp,rcs-360.webp,360,186,WEBP,no,
rcr-360.webp,rcr-360.webp,360,186,WEBP,no,
feature_health-1200.webp,feature_health-1200.webp,800,534,WEBP,no,
wellington.webp,wellington.webp,1002,281,WEBP,no,
feature_clipcoil-1200.webp,feature_clipcoil-1200.webp,800,562,WEBP,no,
sara.webp,sara.webp,608,649,WEBP,no,
front_carotid_stenosis.webp,front_carotid_stenosis.webp,1024,1536,WEBP,no,
feature_stayhospital-720.webp,feature_stayhospital-720.webp,720,400,WEBP,no,
feature_stayhospital-1200.webp,feature_stayhospital-1200.webp,1200,667,WEBP,no,
DAVF.webp,DAVF.webp,1024,1024,WEBP,no,
wellington-360.webp,wellington-360.webp,360,101,WEBP,no,
feature_health-360.webp,feature_health-360.webp,360,240,WEBP,no,
front_spinal_avm.webp,front_spinal_avm.webp,1024,1024,WEBP,no,
knowlege-720.webp,knowlege-720.webp,720,720,WEBP,no,
avm-1200.webp,avm-1200.webp,1024,1024,WEBP,no,
sharing-default-1200.webp,sharing-default-1200.webp,800,420,WEBP,no,
front_mri-720.webp,front_mri-720.webp,720,540,WEBP,no,
sharing-default.webp,sharing-default.webp,800,420,WEBP,no,
tufail.webp,tufail.webp,613,576,WEBP,no,
kcl-1200.webp,kcl-1200.webp,471,243,WEBP,no,
feature_screening-360.webp,feature_screening-360.webp,360,203,WEBP,no,
ukng-1200.webp,ukng-1200.webp,471,243,WEBP,no,
template-easy-customize-1200.webp,template-easy-customize-1200.webp,650,356,WEBP,no,
profile_shot-720.webp,profile_shot-720.webp,540,713,WEBP,no,
avm.webp,avm.webp,1024,1024,WEBP,no,
surgery-1200.webp,surgery-1200.webp,1200,801,WEBP,no,
front_ct-360.webp,front_ct-360.webp,360,203,WEBP,no,
flow_diversion-720.webp,flow_diversion-720.webp,720,588,WEBP,no,
front_avm.webp,front_avm.webp,1024,1024,WEBP,no,
front_carotid_stenosis-1200.webp,front_carotid_stenosis-1200.webp,1024,1536,WEBP,no,
tufail-1200.webp,tufail-1200.webp,613,576,WEBP,no,
footer-360.webp,footer-360.webp,360,240,WEBP,no,
mri scanner.webp,mri scanner.webp,1200,744,WEBP,no,
logo-360.webp,logo-360.webp,187,42,WEBP,no,
front_sih-720.webp,front_sih-720.webp,720,720,WEBP,no,
front_sih.webp,front_sih.webp,1024,1024,WEBP,no,
sharing-default-720.webp,sharing-default-720.webp,720,378,WEBP,no,
DAVF-720.webp,DAVF-720.webp,720,720,WEBP,no,
Intrasaccular-1200.webp,Intrasaccular-1200.webp,1200,789,WEBP,no,
smile.webp,smile.webp,780,900,WEBP,no,
stent_coiling-1200.webp,stent_coiling-1200.webp,1200,1260,WEBP,no,
front_pulsatile_tinnitus-720.webp,front_pulsatile_tinnitus-720.webp,720,543,WEBP,no,
queens-720.webp,queens-720.webp,720,220,WEBP,no,
front_avm-1200.webp,front_avm-1200.webp,1024,1024,WEBP,no,
front_aneurysm.webp,front_aneurysm.webp,1024,1024,WEBP,no,
queens-1200.webp,queens-1200.webp,1200,366,WEBP,no,
sara-360.webp,sara-360.webp,360,384,WEBP,no,
knowlege.webp,knowlege.webp,1024,1024,WEBP,no,
tufail-720.webp,tufail-720.webp,613,576,WEBP,no,
mdu.webp,mdu.webp,471,243,WEBP,no,
spinal_avm-360.webp,spinal_avm-360.webp,360,360,WEBP,no,
feature_an_symptoms-1200.webp,feature_an_symptoms-1200.webp,1200,796,WEBP,no,
profile_shot (copy)-1200.webp,profile_shot (copy)-1200.webp,1200,1584,WEBP,no,
prevent-720.webp,prevent-720.webp,720,360,WEBP,no,
